가게이름,카테고리,전체평점,방문자리뷰,블로그리뷰,리뷰작성자,리뷰작성자링크,리뷰작성수,팔로워,첨부이미지,리뷰내용,이런_점이_좋아요,방문시간,방분횟수,방문인증
청자다방 공릉점,"카페,디저트",4.45,,,사랑해8982,https://m.place.naver.com/my/5ba88d609b13aa415bd2fb9d/review?v=2,1456,,,군고구마 카페라고 해서 군고구마랑 구운계란도 팔고 고구마라떼가 너무 맛있네요ㅎㅎ 친절하고 좋아요!,"일시적인 오류가 발생했습니다
음료가 맛있어요",2024년 4월 29일 월요일,1번째 방문,영수증
청자다방 공릉점,"카페,디저트",4.45,,,나라올라888,https://m.place.naver.com/my/5cc17457ea9cf31c749daef8/review?v=2,749,22,,군고궁마가 맛나요.,"일시적인 오류가 발생했습니다
커피가 맛있어요",2024년 7월 14일 일요일,2번째 방문,결제내역
청자다방 공릉점,"카페,디저트",4.45,,,사랑해8982,https://m.place.naver.com/my/5ba88d609b13aa415bd2fb9d/review?v=2,1456,,,계란굿,"일시적인 오류가 발생했습니다
가성비가 좋아요",2024년 6월 4일 화요일,5번째 방문,영수증
청자다방 공릉점,"카페,디저트",4.45,,,나라올라888,https://m.place.naver.com/my/5cc17457ea9cf31c749daef8/review?v=2,749,22,,"작지만 대화하기 좋아요. 군구구마도 맛있어요. 친절하고 가격도 착하네요.
자주 오는 동네 카페입니다.","일시적인 오류가 발생했습니다
커피가 맛있어요",2024년 1월 14일 일요일,1번째 방문,영수증
청자다방 공릉점,"카페,디저트",4.45,,,룩바,https://m.place.naver.com/my/5ba1d29d741828e1ffe149de/review?v=2,531,,,"군고구마라떼 최애입니다.
너무 맛있어요","일시적인 오류가 발생했습니다
디저트가 맛있어요",2024년 3월 27일 수요일,1번째 방문,영수증
청자다방 공릉점,"카페,디저트",4.45,,,상큼92,https://m.place.naver.com/my/5d1b7fb0b08d414a369c86df/review?v=2,368,,,,"일시적인 오류가 발생했습니다
특별한 메뉴가 있어요",2024년 3월 21일 목요일,1번째 방문,영수증
청자다방 공릉점,"카페,디저트",4.45,,,영양란,https://m.place.naver.com/my/5efe347709dcc88116270aa5/review?v=2,684,,,너무너무 맛있어요,"일시적인 오류가 발생했습니다
커피가 맛있어요",2024년 2월 23일 금요일,2번째 방문,영수증
청자다방 공릉점,"카페,디저트",4.45,,,kwy3523,https://m.place.naver.com/my/5c6d035f3c37f6eac2f88c2f/review?v=2,1216,,,,"일시적인 오류가 발생했습니다
가성비가 좋아요",2024년 5월 11일 토요일,2번째 방문,영수증
청자다방 공릉점,"카페,디저트",4.45,,,우리집 뚱보들,https://m.place.naver.com/my/5efdefe967c6d4320f56e8eb/review?v=2,787,,,고구마라떼 맛집이에요. 아주 진하고 부드러워요.,,2023년 12월 28일 목요일,6번째 방문,영수증
청자다방 공릉점,"카페,디저트",4.45,,,alsgmlfo,https://m.place.naver.com/my/5efe7a0eafcca6e20afd6b3f/review?v=2,182,3,,맛집 고구마맛집 음료 굿굿 ,"일시적인 오류가 발생했습니다
커피가 맛있어요",2024년 2월 3일 토요일,6번째 방문,결제내역
청자다방 공릉점,"카페,디저트",4.45,,,dh****,https://m.place.naver.com/my/5d98e8318f87a842bcbfb282/review?v=2,1454,,,고구마가 꿀이에요! 음료랑 아아도 존맛!!😍,"일시적인 오류가 발생했습니다
커피가 맛있어요",2024년 1월 21일 일요일,1번째 방문,영수증
청자다방 공릉점,"카페,디저트",4.45,,,영양란,https://m.place.naver.com/my/5efe347709dcc88116270aa5/review?v=2,684,,,고구마라떼 최고 입니다,"일시적인 오류가 발생했습니다
커피가 맛있어요",2024년 2월 18일 일요일,1번째 방문,영수증
청자다방 공릉점,"카페,디저트",4.45,,,Muchagu,https://m.place.naver.com/my/5c1a18dc053e6e71fa68d9c3/review?v=2,48,,,"사장님이 친절하셔서 기분이 좋아져요💞
커피두 맛나요","일시적인 오류가 발생했습니다
대화하기 좋아요",2024년 1월 14일 일요일,1번째 방문,영수증
청자다방 공릉점,"카페,디저트",4.45,,,cce9217,https://m.place.naver.com/my/5d8af9478f87a842bc4fb7c6/review?v=2,61,,,,"일시적인 오류가 발생했습니다
커피가 맛있어요",2024년 3월 24일 일요일,1번째 방문,영수증
청자다방 공릉점,"카페,디저트",4.45,,,민지혜맘,https://m.place.naver.com/my/5c5d759304f8de5527c896ca/review?v=2,591,,,"좋아요
커피 축제가서 먹었네요","일시적인 오류가 발생했습니다
커피가 맛있어요",2024년 5월 12일 일요일,1번째 방문,결제내역
청자다방 공릉점,"카페,디저트",4.45,,,yo****,https://m.place.naver.com/my/5eff1e33a7f1cdd89fef98f0/review?v=2,1882,31,,좋아요 좋아요 😆 😀 😄 😁 😍 ,"일시적인 오류가 발생했습니다
대화하기 좋아요",2023년 11월 23일 목요일,5번째 방문,결제내역
청자다방 공릉점,"카페,디저트",4.45,,,아톰5869,https://m.place.naver.com/my/5c2c4ed5d909a167caf0c731/review?v=2,2351,38,,친절,,2024년 3월 13일 수요일,1번째 방문,영수증
청자다방 공릉점,"카페,디저트",4.45,,,hojeong37,https://m.place.naver.com/my/5efef4b9a7f1cdd89fef3f2a/review?v=2,994,,,소소하게 수다 떨기 좋고 음료도 맛있네요.,"일시적인 오류가 발생했습니다
대화하기 좋아요",2023년 11월 12일 일요일,1번째 방문,영수증
청자다방 공릉점,"카페,디저트",4.45,,,yo****,https://m.place.naver.com/my/5eff1e33a7f1cdd89fef98f0/review?v=2,1882,31,,"우리 동네 단골다방
👍 👍 👍 👍 👍 👍 ","일시적인 오류가 발생했습니다
커피가 맛있어요",2023년 11월 20일 월요일,4번째 방문,영수증
청자다방 공릉점,"카페,디저트",4.45,,,jeilove,https://m.place.naver.com/my/5bf219b7191526f4f70e0316/review?v=2,280,,,"사장님 짱 좋으세요 길게 장사 하실분입니다 하하하
고구마라는 아이템도 좋아요 초겨울부터 초초초대박날거에요 홧팅하세요 공릉동 갈때마다 갈것 같아요♡♡♡",,2023년 7월 28일 금요일,1번째 방문,영수증
청자다방 공릉점,"카페,디저트",4.45,,,토네이도샷후르츠,https://m.place.naver.com/my/5e76ca978f87a842bc3116b4/review?v=2,474,11,,"고구마라떼도 맛있지만
매주 한 두번 훈제계란사러 방문합니다.
조카들도 너무 좋아하고 아침에 간단 식사로도 좋습니다.
항상 맛있게 잘 먹고있습니다!!",,2023년 8월 26일 토요일,1번째 방문,영수증
청자다방 공릉점,"카페,디저트",4.45,,,eehh0626,https://m.place.naver.com/my/5d88474a8f87a842bc3f0da3/review?v=2,949,7,,굿,,2023년 12월 1일 금요일,3번째 방문,영수증
청자다방 공릉점,"카페,디저트",4.45,,,허브솜,https://m.place.naver.com/my/5bac5392c57aec28b81052a0/review?v=2,88,9,,"친구 집 방문할 때 빈손으로 갈 수 없어서 들린 카페! 진짜 문 열고 들어가자마자 달달한 고구마 냄새가 미쳤습니다... 이날은 음료만 포장해서 갔는데 다음엔 꼭 군고구마와 계란도 같이 먹을 겁니다!! 에이드 가격도 착하고, 무엇보다 바닐라라테가 섞어도 달달한 맛이 유지가 되어 너무 좋았습니다:) 피로는 깨고 싶은데 커피커피한 것 보다 단 게 당기는 날 추천하는 커피에요ㅎㅎ",,2023년 6월 6일 화요일,1번째 방문,영수증
청자다방 공릉점,"카페,디저트",4.45,,,말랑한자두,https://m.place.naver.com/my/5dc680b18f87a842bc175037/review?v=2,499,12,,"가격이 이렇게 저렴할수가!!
근ㄷㅔ 맛은 또 엄청나요! 사시사철 군고구마팔아서 좋아용❤️","일시적인 오류가 발생했습니다
가성비가 좋아요",2023년 7월 28일 금요일,1번째 방문,영수증
청자다방 공릉점,"카페,디저트",4.45,,,vv1212,https://m.place.naver.com/my/5f066190649bf9575930fb4c/review?v=2,206,,,굿,,2023년 12월 1일 금요일,1번째 방문,영수증
청자다방 공릉점,"카페,디저트",4.45,,,eehh0626,https://m.place.naver.com/my/5d88474a8f87a842bc3f0da3/review?v=2,949,7,,굿,,2023년 11월 6일 월요일,2번째 방문,영수증
청자다방 공릉점,"카페,디저트",4.45,,,오른이020,https://m.place.naver.com/my/5dc0ffe18f87a842bc24e8b2/review?v=2,413,1,,가격이 저렴하구 엄마가 고구마를 좋아하셔서 아주 만족해 하셨어요 !,"일시적인 오류가 발생했습니다
디저트가 맛있어요",2023년 7월 28일 금요일,1번째 방문,영수증
청자다방 공릉점,"카페,디저트",4.45,,,호호9997,https://m.place.naver.com/my/5c068e67d9e2407c16dd954b/review?v=2,853,,,굿,,2023년 12월 16일 토요일,6번째 방문,영수증
청자다방 공릉점,"카페,디저트",4.45,,,행복천사32,https://m.place.naver.com/my/6156e6e44f4bb2134282200c/review?v=2,1272,,,굿,,2023년 10월 21일 토요일,4번째 방문,영수증
청자다방 공릉점,"카페,디저트",4.45,,,yo****,https://m.place.naver.com/my/5eff1e33a7f1cdd89fef98f0/review?v=2,1882,31,,👍 👍 👍 👍 👍 👍 👍 👍 👍 👍 👍 👍 👍 👍 👍 👍 👍 👍 👍 👍 👍 👍 👍 👍 👍 👍 👍 👍 👍 👍 👍 👍 👍 👍 👍 👍 👍 👍 👍 👍 👍 👍 👍 👍 👍 👍 👍 👍 👍 👍 👍 👍 👍 👍 👍 ,,2023년 6월 2일 금요일,3번째 방문,영수증
청자다방 공릉점,"카페,디저트",4.45,,,moonsr5918,https://m.place.naver.com/my/5c4446e1343a2826696f3eda/review?v=2,1571,1,,맛있어요,,2023년 11월 12일 일요일,1번째 방문,영수증
청자다방 공릉점,"카페,디저트",4.45,,,호호9997,https://m.place.naver.com/my/5c068e67d9e2407c16dd954b/review?v=2,853,,,굿,,2023년 11월 14일 화요일,5번째 방문,영수증
청자다방 공릉점,"카페,디저트",4.45,,,행복천사32,https://m.place.naver.com/my/6156e6e44f4bb2134282200c/review?v=2,1272,,,굿,,2023년 9월 25일 월요일,3번째 방문,영수증
청자다방 공릉점,"카페,디저트",4.45,,,드림온4765,https://m.place.naver.com/my/5ef834738f87a842bc3841d4/review?v=2,680,,,가성비와 맛 두마리 토끼를 잡았다 ,"일시적인 오류가 발생했습니다
커피가 맛있어요",2023년 6월 30일 금요일,3번째 방문,결제내역
청자다방 공릉점,"카페,디저트",4.45,,,드림온4765,https://m.place.naver.com/my/5ef834738f87a842bc3841d4/review?v=2,680,,,"가성비 좋고 커피도 맛있어요
고구마는 정말 감동적인 맛",,2023년 6월 27일 화요일,2번째 방문,결제내역
청자다방 공릉점,"카페,디저트",4.45,,,yo****,https://m.place.naver.com/my/5eff1e33a7f1cdd89fef98f0/review?v=2,1882,31,,"맛있어서 좋아요 😀 😄 😁 😊 😍 
분위기 업~~~~~굿 굿 👍 😎 😍 ✨️ ","일시적인 오류가 발생했습니다
커피가 맛있어요",2023년 5월 27일 토요일,2번째 방문,영수증
청자다방 공릉점,"카페,디저트",4.45,,,mickeyim,https://m.place.naver.com/my/5db5a2608f87a842bc646ebd/review?v=2,830,,,고구마 너무 맛나요,,2023년 6월 17일 토요일,2번째 방문,결제내역
청자다방 공릉점,"카페,디저트",4.45,,,호호9997,https://m.place.naver.com/my/5c068e67d9e2407c16dd954b/review?v=2,853,,,굿,,2023년 10월 21일 토요일,4번째 방문,영수증
청자다방 공릉점,"카페,디저트",4.45,,,친절하게살자,https://m.place.naver.com/my/5cb931a490527e42db9dcd24/review?v=2,1219,,,"할인중이라서 더 좋네요
또 가려구요",,2023년 3월 29일 수요일,1번째 방문,영수증
청자다방 공릉점,"카페,디저트",4.45,,,bnn****,https://m.place.naver.com/my/5feb6f34b92aed3b149d8871/review?v=2,819,,,근처에아침.일찍문연곳이이곳밖에없어서맛있게잘먹었어요,"일시적인 오류가 발생했습니다
커피가 맛있어요",2023년 7월 30일 일요일,1번째 방문,영수증
청자다방 공릉점,"카페,디저트",4.45,,,alsgmlfo,https://m.place.naver.com/my/5efe7a0eafcca6e20afd6b3f/review?v=2,182,3,,사장님친절하셔서 다른데안가고 여기만 갑니다 알바도 친절함~,"일시적인 오류가 발생했습니다
매장이 청결해요",2023년 5월 16일 화요일,5번째 방문,결제내역
청자다방 공릉점,"카페,디저트",4.45,,,mickeyim,https://m.place.naver.com/my/5db5a2608f87a842bc646ebd/review?v=2,830,,,군고구마 최고예요. 서비스도 잘 해주세요,"일시적인 오류가 발생했습니다
특별한 메뉴가 있어요",2023년 4월 12일 수요일,1번째 방문,결제내역
청자다방 공릉점,"카페,디저트",4.45,,,에코백투어,https://m.place.naver.com/my/5efe7c6a35e32560edaaf255/review?v=2,54,,,아침에 일찍 열어서 너무 좋아요 1리터 커피 하루종일 마셔도 안없어져요 짱짱,"일시적인 오류가 발생했습니다
특별한 메뉴가 있어요",2023년 4월 28일 금요일,1번째 방문,결제내역
청자다방 공릉점,"카페,디저트",4.45,,,마을의 천연비타민,https://m.place.naver.com/my/61b073304f4bb2ae0b85b50a/review?v=2,1129,12,,"회사이직하고 첫날의 커핑삿은 매우 인상적이다
가게명도 인상적이다ㅡ청자다방","일시적인 오류가 발생했습니다
커피가 맛있어요",2023년 3월 7일 화요일,1번째 방문,영수증
청자다방 공릉점,"카페,디저트",4.45,,,suj****,https://m.place.naver.com/my/5d9766288f87a842bc73860e/review?v=2,1376,,,맛있네요,,2023년 6월 18일 일요일,1번째 방문,영수증
청자다방 공릉점,"카페,디저트",4.45,,,사용자01,https://m.place.naver.com/my/5b9f228a3b25af29361f7640/review?v=2,1918,148,,추운 겨울엔 맛있는 군고구마! 춘식이랑 콜라보했으면 좋겠어요.,"일시적인 오류가 발생했습니다
디저트가 맛있어요",2023년 1월 15일 일요일,1번째 방문,영수증
청자다방 공릉점,"카페,디저트",4.45,,,백곰 Lucy,https://m.place.naver.com/my/5d78953f8f87a842bcaa5f21/review?v=2,401,,,"첫날은 '단호박라떼'
오늘은 '호두라떼'
다음엔 '고구마라떼'를 먹어볼 예정~
단호박라떼는 크리미하고 달지않은 단호박스프의 상위버전 같았다.
조금은 걸쭉한 가성비가 꽤 좋은 특별한 메뉴였다.
호두라떼는 맛난 호두마루 맛...이랄까?? 살짝 달지만 이또한 나쁘지않다.
다음번에 오면 먹고 싶은 고구마라떼가 기대된다.
사모님이 매우 세심해 보인다^^",,2022년 10월 18일 화요일,1번째 방문,영수증
청자다방 공릉점,"카페,디저트",4.45,,,alsgmlfo,https://m.place.naver.com/my/5efe7a0eafcca6e20afd6b3f/review?v=2,182,3,,굿굿 고구마 계란 굿굿,"일시적인 오류가 발생했습니다
디저트가 맛있어요",2023년 5월 14일 일요일,4번째 방문,결제내역
청자다방 공릉점,"카페,디저트",4.45,,,sakuranbo42,https://m.place.naver.com/my/5fcefcaac87339315797815c/review?v=2,1055,33,,간얼음을 썼다면 더 좋았을텐데..하는 생각.. 얼음이 다 녹지않아서 딸기를 먹기가 어려웠어요 ,,2023년 4월 10일 월요일,1번째 방문,영수증
청자다방 공릉점,"카페,디저트",4.45,,,드림온4765,https://m.place.naver.com/my/5ef834738f87a842bc3841d4/review?v=2,680,,,굿,,2023년 6월 20일 화요일,1번째 방문,결제내역
청자다방 공릉점,"카페,디저트",4.45,,,alsgmlfo,https://m.place.naver.com/my/5efe7a0eafcca6e20afd6b3f/review?v=2,182,3,,"사장님,알바생 모두 친절한곳은 처음입니다
굿굿","일시적인 오류가 발생했습니다
음료가 맛있어요",2023년 4월 2일 일요일,2번째 방문,결제내역
청자다방 공릉점,"카페,디저트",4.45,,,p5879,https://m.place.naver.com/my/5c261314b55a01ff2e9ea31c/review?v=2,65,5,,내사랑 군고구마땜에 자주가는 청자다방 ~~~,"일시적인 오류가 발생했습니다
매장이 청결해요",2023년 2월 26일 일요일,1번째 방문,결제내역
청자다방 공릉점,"카페,디저트",4.45,,,행복천사32,https://m.place.naver.com/my/6156e6e44f4bb2134282200c/review?v=2,1272,,,굿,,2023년 6월 15일 목요일,2번째 방문,영수증
청자다방 공릉점,"카페,디저트",4.45,,,dob****,https://m.place.naver.com/my/6014bee7f8bf85264388d9fa/review?v=2,82,,,커피랑 고구마가 맛있는 집이예요~~,"일시적인 오류가 발생했습니다
매장이 청결해요",2023년 3월 22일 수요일,2번째 방문,영수증
청자다방 공릉점,"카페,디저트",4.45,,,dob****,https://m.place.naver.com/my/6014bee7f8bf85264388d9fa/review?v=2,82,,,최애 커피맛집이예요 구운계란과 고구마도 쵝오~~^^,"일시적인 오류가 발생했습니다
친절해요",2023년 3월 18일 토요일,1번째 방문,결제내역
청자다방 공릉점,"카페,디저트",4.45,,,행복천사32,https://m.place.naver.com/my/6156e6e44f4bb2134282200c/review?v=2,1272,,,굿,,2023년 6월 4일 일요일,1번째 방문,영수증
청자다방 공릉점,"카페,디저트",4.45,,,zan****,https://m.place.naver.com/my/6232f9634f4bb2564489790d/review?v=2,700,,,굿,,2023년 6월 4일 일요일,1번째 방문,영수증
청자다방 공릉점,"카페,디저트",4.45,,,다퓨저,https://m.place.naver.com/my/5f166f719ec8258e4ad3c07b/review?v=2,1151,,,굿,,2023년 6월 4일 일요일,1번째 방문,영수증
청자다방 공릉점,"카페,디저트",4.45,,,akj****,https://m.place.naver.com/my/5c32ccae646545dfa8468339/review?v=2,224,,,조아요 ,,2023년 6월 4일 일요일,2번째 방문,영수증
청자다방 공릉점,"카페,디저트",4.45,,,Brida29,https://m.place.naver.com/my/5b9a38ff4d8b20e742e62d96/review?v=2,708,,,좋아요,"일시적인 오류가 발생했습니다
가성비가 좋아요",2023년 5월 1일 월요일,8번째 방문,영수증
청자다방 공릉점,"카페,디저트",4.45,,,alsgmlfo,https://m.place.naver.com/my/5efe7a0eafcca6e20afd6b3f/review?v=2,182,3,,알바도 친절하고 좋아요,"일시적인 오류가 발생했습니다
친절해요",2023년 4월 7일 금요일,3번째 방문,결제내역
청자다방 공릉점,"카페,디저트",4.45,,,dynss,https://m.place.naver.com/my/5f5b5c7c6c3d7f7334fcd259/review?v=2,13,,,리얼군고구마라떼 진짜 너무너무 맛있어요!!ᰔᩚ덩어리 진 거 없이 부드럽고 가격까지 넘 행복합니당:)사장님도 직원분도 항상 친절하셔서 더 좋아요~,"일시적인 오류가 발생했습니다
친절해요",2023년 2월 2일 목요일,1번째 방문,결제내역
청자다방 공릉점,"카페,디저트",4.45,,,SG먹방꿈나무,https://m.place.naver.com/my/5cf66fb604aef9fa465b59e5/review?v=2,730,18,,"좋아하는 청자다방!!
여기 1리터 커피가 3천원밖에 안하는데,
커피맛이 찐하고 정말 맛있어요 ㅎㅎ

오픈했을때부터, 가끔 가는데
주인분 두분이, 정말 친절하십니다.

이번에는 꽤 오랜만에 왔는데
역시나 너무 친절하세요^^
진짜 최고입니다!!",,2022년 10월 17일 월요일,1번째 방문,영수증
청자다방 공릉점,"카페,디저트",4.45,,,tm****,https://m.place.naver.com/my/5cc06e90dd8ffb0a2d3bb08e/review?v=2,624,,,굿,,2023년 5월 26일 금요일,1번째 방문,영수증
청자다방 공릉점,"카페,디저트",4.45,,,앤비,https://m.place.naver.com/my/5f71eeaa6c3d7f73341173a7/review?v=2,663,1,,음료가 맛있고 친절하고 편안한 공간이라서 좋아요.,"일시적인 오류가 발생했습니다
인테리어가 멋져요",2022년 12월 18일 일요일,1번째 방문,영수증
청자다방 공릉점,"카페,디저트",4.45,,,Brida29,https://m.place.naver.com/my/5b9a38ff4d8b20e742e62d96/review?v=2,708,,,좋아요,"일시적인 오류가 발생했습니다
가성비가 좋아요",2023년 4월 13일 목요일,7번째 방문,영수증
청자다방 공릉점,"카페,디저트",4.45,,,SG먹방꿈나무,https://m.place.naver.com/my/5cf66fb604aef9fa465b59e5/review?v=2,730,18,,"항상 친절하세요 ㅎㅎ
그리고 커피맛도 맛있어요!!
집에서 꽤 걸어와야하는데,
여기가 양도많고 맛있어서 옵니다!!",,2022년 11월 13일 일요일,2번째 방문,영수증
청자다방 공릉점,"카페,디저트",4.45,,,엄71,https://m.place.naver.com/my/5c7b7a8f5f5b5f1c049b05b6/review?v=2,68,1,,"두번째 방문 .
. 노원역 이라 배송 불가 .
. 그러나 .
. 시간이 아깝지 않는 맛 과 사장님 내외분의 친절 함에 또 감동 . 번창하시길 바랍니다.",,2023년 1월 11일 수요일,1번째 방문,영수증
청자다방 공릉점,"카페,디저트",4.45,,,ahn****,https://m.place.naver.com/my/5c20950a627307e667cdd702/review?v=2,399,,,고구마라떼가 맛있어요.,"일시적인 오류가 발생했습니다
매장이 청결해요",2022년 12월 30일 금요일,2번째 방문,영수증
청자다방 공릉점,"카페,디저트",4.45,,,Brida29,https://m.place.naver.com/my/5b9a38ff4d8b20e742e62d96/review?v=2,708,,,좋아요,"일시적인 오류가 발생했습니다
가성비가 좋아요",2023년 3월 28일 화요일,6번째 방문,영수증
청자다방 공릉점,"카페,디저트",4.45,,,hor****,https://m.place.naver.com/my/5b9f6239e830a4e68302696b/review?v=2,593,,,친절하세용!,"일시적인 오류가 발생했습니다
디저트가 맛있어요",2023년 7월 31일 월요일,3번째 방문,영수증
청자다방 공릉점,"카페,디저트",4.45,,,나니로움,https://m.place.naver.com/my/5c43d556b4b9ad8f26205eca/review?v=2,1422,165,,군고구마라떼~~~~ 중독이네요 ^^ ,"일시적인 오류가 발생했습니다
가성비가 좋아요",2022년 11월 15일 화요일,3번째 방문,영수증
청자다방 공릉점,"카페,디저트",4.45,,,yo****,https://m.place.naver.com/my/5eff1e33a7f1cdd89fef98f0/review?v=2,1882,31,,좋아요 ㅎㅎ ,"일시적인 오류가 발생했습니다
가성비가 좋아요",2023년 3월 22일 수요일,1번째 방문,영수증
청자다방 공릉점,"카페,디저트",4.45,,,00000025,https://m.place.naver.com/my/60b389efea16f27bf3d06b27/review?v=2,2039,,,친절,,2023년 4월 20일 목요일,1번째 방문,영수증
청자다방 공릉점,"카페,디저트",4.45,,,Brida29,https://m.place.naver.com/my/5b9a38ff4d8b20e742e62d96/review?v=2,708,,,커피 맛있어요. ,,2022년 12월 14일 수요일,2번째 방문,영수증
청자다방 공릉점,"카페,디저트",4.45,,,JenG,https://m.place.naver.com/my/5f062478de46936b67395661/review?v=2,168,,,고구마라떼 최고존엄,"일시적인 오류가 발생했습니다
커피가 맛있어요",2023년 1월 15일 일요일,1번째 방문,결제내역
청자다방 공릉점,"카페,디저트",4.45,,,dazzling883,https://m.place.naver.com/my/5e076e668f87a842bc9e3ac4/review?v=2,935,,,항상 친절하시구 음료도 너무 맛있어요~~,"일시적인 오류가 발생했습니다
가성비가 좋아요",2023년 1월 24일 화요일,3번째 방문,영수증
청자다방 공릉점,"카페,디저트",4.45,,,Brida29,https://m.place.naver.com/my/5b9a38ff4d8b20e742e62d96/review?v=2,708,,,좋아요,,2023년 3월 7일 화요일,5번째 방문,영수증
청자다방 공릉점,"카페,디저트",4.45,,,dynss,https://m.place.naver.com/my/5f5b5c7c6c3d7f7334fcd259/review?v=2,13,,,맥반석 계란 굳:)),,2023년 2월 3일 금요일,2번째 방문,결제내역
청자다방 공릉점,"카페,디저트",4.45,,,호호9997,https://m.place.naver.com/my/5c068e67d9e2407c16dd954b/review?v=2,853,,,굿,,2023년 5월 28일 일요일,2번째 방문,영수증
청자다방 공릉점,"카페,디저트",4.45,,,Brida29,https://m.place.naver.com/my/5b9a38ff4d8b20e742e62d96/review?v=2,708,,,좋아요,,2023년 2월 21일 화요일,4번째 방문,영수증
청자다방 공릉점,"카페,디저트",4.45,,,정솔잉,https://m.place.naver.com/my/5d08190f70809fb899a594d0/review?v=2,391,2,,음료 맛있어요 ,,2023년 3월 22일 수요일,1번째 방문,영수증
청자다방 공릉점,"카페,디저트",4.45,,,나니로움,https://m.place.naver.com/my/5c43d556b4b9ad8f26205eca/review?v=2,1422,165,,"군고구마라떼
 맛있고 든든하고 좋네요~","일시적인 오류가 발생했습니다
특별한 메뉴가 있어요",2022년 10월 24일 월요일,1번째 방문,영수증
청자다방 공릉점,"카페,디저트",4.45,,,Brida29,https://m.place.naver.com/my/5b9a38ff4d8b20e742e62d96/review?v=2,708,,,좋아요,,2023년 2월 16일 목요일,3번째 방문,영수증
청자다방 공릉점,"카페,디저트",4.45,,,라보에,https://m.place.naver.com/my/6026220566edb52bd071395b/review?v=2,799,,,굿,,2023년 6월 9일 금요일,1번째 방문,영수증
청자다방 공릉점,"카페,디저트",4.45,,,호호9997,https://m.place.naver.com/my/5c068e67d9e2407c16dd954b/review?v=2,853,,,굿,,2023년 6월 4일 일요일,3번째 방문,영수증
청자다방 공릉점,"카페,디저트",4.45,,,나니로움,https://m.place.naver.com/my/5c43d556b4b9ad8f26205eca/review?v=2,1422,165,,친절하구 가격이 착해요^^ ,"일시적인 오류가 발생했습니다
친절해요",2022년 11월 8일 화요일,2번째 방문,영수증
청자다방 공릉점,"카페,디저트",4.45,,,단비모드,https://m.place.naver.com/my/5e9f3ee08f87a842bc613ab4/review?v=2,667,,,군고구마!! 짱,"일시적인 오류가 발생했습니다
디저트가 맛있어요",2023년 2월 3일 금요일,1번째 방문,결제내역
청자다방 공릉점,"카페,디저트",4.45,,,kwy3523,https://m.place.naver.com/my/5c6d035f3c37f6eac2f88c2f/review?v=2,1216,,,,"일시적인 오류가 발생했습니다
커피가 맛있어요",2023년 3월 29일 수요일,1번째 방문,영수증
청자다방 공릉점,"카페,디저트",4.45,,,akj****,https://m.place.naver.com/my/5c32ccae646545dfa8468339/review?v=2,224,,,조아요 ,,2023년 3월 4일 토요일,1번째 방문,영수증
청자다방 공릉점,"카페,디저트",4.45,,,grey35,https://m.place.naver.com/my/5dea637f9ec8258e4acd31a4/review?v=2,947,,,커피가 맛있네요.,"일시적인 오류가 발생했습니다
친절해요",2022년 11월 4일 금요일,1번째 방문,영수증
청자다방 공릉점,"카페,디저트",4.45,,,alsgmlfo,https://m.place.naver.com/my/5efe7a0eafcca6e20afd6b3f/review?v=2,182,3,,"고구마도 굿
음료도 굿 
거의 매일 이용하는곳입니다
친절하고 좋아요",,2022년 11월 20일 일요일,1번째 방문,결제내역
청자다방 공릉점,"카페,디저트",4.45,,,eehh0626,https://m.place.naver.com/my/5d88474a8f87a842bc3f0da3/review?v=2,949,7,,굿,,2023년 2월 14일 화요일,1번째 방문,영수증
청자다방 공릉점,"카페,디저트",4.45,,,제에니,https://m.place.naver.com/my/5c1dc500449af104280db001/review?v=2,983,,,맛나요,,2023년 3월 25일 토요일,1번째 방문,영수증
청자다방 공릉점,"카페,디저트",4.45,,,rang1106,https://m.place.naver.com/my/5effa35b54eca45f153e70ab/review?v=2,80,1,,고구마 여기 짱입니당,,2022년 11월 20일 일요일,1번째 방문,결제내역
청자다방 공릉점,"카페,디저트",4.45,,,me융,https://m.place.naver.com/my/5bfcf15e6d422fd30056ac6f/review?v=2,941,,,ㆍ,,2022년 12월 26일 월요일,1번째 방문,영수증
청자다방 공릉점,"카페,디저트",4.45,,,하테하테,https://m.place.naver.com/my/5efde1e0854ca9293112c554/review?v=2,261,1,,"메뉴 맛있게 잘 먹었요 
다만 매장이 협소하여 주변 사람들 대화가 너무 시끄럽네요. 

테이크아웃 추천 합니다 ",,2022년 9월 18일 일요일,1번째 방문,영수증
청자다방 공릉점,"카페,디저트",4.45,,,네모아라쏘,https://m.place.naver.com/my/5e916ed78f87a842bcc75127/review?v=2,1395,37,,,"일시적인 오류가 발생했습니다
친절해요",2022년 11월 21일 월요일,1번째 방문,영수증
청자다방 공릉점,"카페,디저트",4.45,,,dan****,https://m.place.naver.com/my/606a93b73b50e70c65894c18/review?v=2,922,,,고구마라떼 맛나요 ,,2022년 11월 17일 목요일,1번째 방문,영수증
청자다방 공릉점,"카페,디저트",4.45,,,hor****,https://m.place.naver.com/my/5b9f6239e830a4e68302696b/review?v=2,593,,,좋아요!,,2023년 3월 5일 일요일,2번째 방문,영수증
청자다방 공릉점,"카페,디저트",4.45,,,naEATure,https://m.place.naver.com/my/5c74a62031e8d85b7b18603a/review?v=2,1260,68,,"매우 좋은 가성비 다양한 메뉴 등 다양한 취향의 고객에게 맞춤형 서비스가 존재하는 곳이다.

저렴이 가성비 커피집들과 비교해도 나쁘지 않다.
매장은 완전 크지 않지만 전반적으로 다 할
수 있는 좌석도 있고 포장도 가능하다.

배달은 모르겠다. 주로 가는 동네가 아니기에 말이다.",,2022년 3월 6일 일요일,1번째 방문,영수증
청자다방 공릉점,"카페,디저트",4.45,,,녹굴이87,https://m.place.naver.com/my/60433abdd787c6427f35c728/review?v=2,55,,,야옹,,2022년 11월 4일 금요일,1번째 방문,영수증
청자다방 공릉점,"카페,디저트",4.45,,,soo****,https://m.place.naver.com/my/5f2ca0019ec8258e4a4d4f44/review?v=2,410,,,친절하세요 ,"일시적인 오류가 발생했습니다
친절해요",2022년 11월 18일 금요일,2번째 방문,영수증
청자다방 공릉점,"카페,디저트",4.45,,,뇨뇨냐냐냐뇨냐뇨냐,https://m.place.naver.com/my/5b7acf3624baa70542695f22/review?v=2,635,,,맛있고 친절해용,"일시적인 오류가 발생했습니다
대화하기 좋아요",2022년 11월 7일 월요일,2번째 방문,영수증
청자다방 공릉점,"카페,디저트",4.45,,,soo****,https://m.place.naver.com/my/5f2ca0019ec8258e4a4d4f44/review?v=2,410,,,친절하세요 ,"일시적인 오류가 발생했습니다
음료가 맛있어요",2022년 11월 3일 목요일,1번째 방문,영수증
청자다방 공릉점,"카페,디저트",4.45,,,힘11,https://m.place.naver.com/my/5d849d518f87a842bcd6b0b3/review?v=2,165,,,사장님 짱 친절하시고 고구마 계란 다 너무 맛있어용,,2022년 12월 13일 화요일,1번째 방문,결제내역
청자다방 공릉점,"카페,디저트",4.45,,,자스민1229,https://m.place.naver.com/my/5dbd533a8f87a842bc73cd7f/review?v=2,214,,,알바생 친절하고 가성비 좋아요,,2022년 5월 4일 수요일,1번째 방문,영수증
청자다방 공릉점,"카페,디저트",4.45,,,빨간머리앤3,https://m.place.naver.com/my/5d4280b29004437df0e437e7/review?v=2,476,,,굿,,2022년 10월 5일 수요일,1번째 방문,영수증
청자다방 공릉점,"카페,디저트",4.45,,,뇨뇨냐냐냐뇨냐뇨냐,https://m.place.naver.com/my/5b7acf3624baa70542695f22/review?v=2,635,,,싸고 좋아유,,2022년 11월 4일 금요일,1번째 방문,영수증
청자다방 공릉점,"카페,디저트",4.45,,,sinwoont,https://m.place.naver.com/my/60bdd2884c631ee2e5eb6177/review?v=2,708,3,,좋아요,"일시적인 오류가 발생했습니다
커피가 맛있어요",2022년 8월 10일 수요일,1번째 방문,영수증
청자다방 공릉점,"카페,디저트",4.45,,,jmh2234,https://m.place.naver.com/my/5dfdac788f87a842bc92fb94/review?v=2,1070,,,ㅇㅇ,,2022년 7월 31일 일요일,1번째 방문,영수증
청자다방 공릉점,"카페,디저트",4.45,,,Brida29,https://m.place.naver.com/my/5b9a38ff4d8b20e742e62d96/review?v=2,708,,,좋아요,,2022년 7월 28일 목요일,1번째 방문,영수증
청자다방 공릉점,"카페,디저트",4.45,,,코코팡야,https://m.place.naver.com/my/5b9d38bad1d0340823732485/review?v=2,295,,,굿굿 저렴해요,,2022년 5월 31일 화요일,1번째 방문,영수증
청자다방 공릉점,"카페,디저트",4.45,,,d-****,https://m.place.naver.com/my/5fd573341b69b2cc1fa779e4/review?v=2,3,1,,"청자다방 군고구마 라떼 맛있다고 소문이자자해서
먹어봤는데 너무맛있어요!!!
사장님도 엄청 친절하세요!!!
왜 여길 이제알아낸거지!!!
짱맛 👍또 갈꺼에요 !!",,2022년 3월 21일 월요일,1번째 방문,영수증
청자다방 공릉점,"카페,디저트",4.45,,,koko30,https://m.place.naver.com/my/608dc4b163769b49ed59965c/review?v=2,1374,,,굿,,2022년 7월 11일 월요일,1번째 방문,영수증
청자다방 공릉점,"카페,디저트",4.45,,,iok0508,https://m.place.naver.com/my/5c99c6b6c92fba4bab4622db/review?v=2,1104,,,커피저렴,,2022년 7월 11일 월요일,1번째 방문,영수증
청자다방 공릉점,"카페,디저트",4.45,,,감동란14,https://m.place.naver.com/my/5e29d0638f87a842bcfa5ab7/review?v=2,92,,,고구마,"일시적인 오류가 발생했습니다
커피가 맛있어요",2022년 6월 14일 화요일,1번째 방문,영수증
청자다방 공릉점,"카페,디저트",4.45,,,hiiiho,https://m.place.naver.com/my/5c27bf1f967138e094310d8d/review?v=2,132,,,군고구마 라떼가 미쳤음.. 매주 2회이상 먹다가 살찜,"일시적인 오류가 발생했습니다
디저트가 맛있어요",2022년 4월 1일 금요일,1번째 방문,영수증
청자다방 공릉점,"카페,디저트",4.45,,,그레이트티쳐62,https://m.place.naver.com/my/5d89e53e8f87a842bc7f9818/review?v=2,3122,1,,너무 친절하시고 음료도 맛있어요^^,"일시적인 오류가 발생했습니다
친절해요",2022년 3월 30일 수요일,13번째 방문,영수증
청자다방 공릉점,"카페,디저트",4.45,,,luv0ya,https://m.place.naver.com/my/5f46324ea602e98f56ed3a28/review?v=2,372,,,흑당 연유 브레드 맛있어요 ㅎㅎㅎ,"일시적인 오류가 발생했습니다
좌석이 편해요",2022년 3월 22일 화요일,4번째 방문,영수증
청자다방 공릉점,"카페,디저트",4.45,,,renjun,https://m.place.naver.com/my/5c1f30c24670af4e53678816/review?v=2,18,,,하..........그냥 늘 친절하시고 커피랑 고구마 진짜 너무맛있어요!!!!!!!!!!사라지면 울거야,"일시적인 오류가 발생했습니다
커피가 맛있어요",2022년 3월 18일 금요일,1번째 방문,영수증
청자다방 공릉점,"카페,디저트",4.45,,,sod****,https://m.place.naver.com/my/5c186e4cf5169d281f3cae48/review?v=2,527,,,싸요,,2022년 5월 6일 금요일,1번째 방문,영수증
청자다방 공릉점,"카페,디저트",4.45,,,션미,https://m.place.naver.com/my/5df98b368f87a842bcdeb4e7/review?v=2,622,11,,"저희 부부가 사랑하는 청자다방
군고구마 너무 맛있어요 
안 사먹는 주가 없네요 ㅎㅎㅎ","일시적인 오류가 발생했습니다
디저트가 맛있어요",2022년 1월 30일 일요일,2번째 방문,영수증
청자다방 공릉점,"카페,디저트",4.45,,,아가페78,https://m.place.naver.com/my/5bf7e0b7958a00616d47d052/review?v=2,1608,,,좋아요 ,,2022년 6월 28일 화요일,2번째 방문,영수증
청자다방 공릉점,"카페,디저트",4.45,,,블랙래빗19,https://m.place.naver.com/my/5d4e776f8f87a842bced5bc6/review?v=2,1004,27,,군고구마라떼 최애에요!!,,2022년 3월 5일 토요일,1번째 방문,영수증
청자다방 공릉점,"카페,디저트",4.45,,,luv0ya,https://m.place.naver.com/my/5f46324ea602e98f56ed3a28/review?v=2,372,,,고구마 씁쓸한 맛도 없고 카페에서 고구마라 신선했어요,"일시적인 오류가 발생했습니다
가성비가 좋아요",2022년 3월 10일 목요일,1번째 방문,영수증
청자다방 공릉점,"카페,디저트",4.45,,,luv0ya,https://m.place.naver.com/my/5f46324ea602e98f56ed3a28/review?v=2,372,,,고구마라떼 신선한 군고마에 우유간 너낌쓰,"일시적인 오류가 발생했습니다
친절해요",2022년 3월 10일 목요일,3번째 방문,영수증
청자다방 공릉점,"카페,디저트",4.45,,,디디6653,https://m.place.naver.com/my/5ec921e08f87a842bc12b6dc/review?v=2,445,,,.,,2022년 5월 3일 화요일,1번째 방문,영수증
청자다방 공릉점,"카페,디저트",4.45,,,luv0ya,https://m.place.naver.com/my/5f46324ea602e98f56ed3a28/review?v=2,372,,,양 많은 아메리카노 ☕,,2022년 3월 10일 목요일,2번째 방문,영수증
청자다방 공릉점,"카페,디저트",4.45,,,리디아2457,https://m.place.naver.com/my/5ba64d82549508514b1fa0de/review?v=2,43,,,고구마 맛집! 리얼고구마라떼 최애,"일시적인 오류가 발생했습니다
가성비가 좋아요",2022년 1월 13일 목요일,1번째 방문,영수증
청자다방 공릉점,"카페,디저트",4.45,,,13579282,https://m.place.naver.com/my/5e5bd3878f87a842bca2aa9c/review?v=2,464,5,,친절하세요,"일시적인 오류가 발생했습니다
가성비가 좋아요",2022년 3월 11일 금요일,1번째 방문,영수증
청자다방 공릉점,"카페,디저트",4.45,,,hs0****,https://m.place.naver.com/my/5bfe908ba6dc029895ae9e78/review?v=2,1769,,,좋아요,,2022년 3월 12일 토요일,2번째 방문,영수증
청자다방 공릉점,"카페,디저트",4.45,,,ahn****,https://m.place.naver.com/my/5c20950a627307e667cdd702/review?v=2,399,,,고구마라떼 맛있네요,,2021년 11월 2일 화요일,1번째 방문,영수증
청자다방 공릉점,"카페,디저트",4.45,,,hjyoond,https://m.place.naver.com/my/5c0ce41dd1868b480b017480/review?v=2,1418,,,좋아요,,2021년 12월 21일 화요일,2번째 방문,영수증
청자다방 공릉점,"카페,디저트",4.45,,,ted****,https://m.place.naver.com/my/6039e183b3397763a2d34f94/review?v=2,2786,,,ㅇ,,2021년 12월 25일 토요일,3번째 방문,영수증
청자다방 공릉점,"카페,디저트",4.45,,,albangu,https://m.place.naver.com/my/5f41b50da602e98f5683378b/review?v=2,746,5,,좋아요,,2022년 1월 21일 금요일,1번째 방문,영수증
청자다방 공릉점,"카페,디저트",4.45,,,three99,https://m.place.naver.com/my/5c6c3f91b1d78b12d809dac5/review?v=2,431,,,좋아요,,2021년 12월 18일 토요일,1번째 방문,영수증
청자다방 공릉점,"카페,디저트",4.45,,,김민정993,https://m.place.naver.com/my/5c39fbdc4b4142f172d4e0c8/review?v=2,34,,,마카롱 정말 싸고 맛있어요 이 주변 숨겨진 마카롱 맛집 🥳,"일시적인 오류가 발생했습니다
디저트가 맛있어요",2021년 7월 22일 목요일,3번째 방문,영수증
청자다방 공릉점,"카페,디저트",4.45,,,크리스탈857,https://m.place.naver.com/my/5effaa1ede5d1e6a342b9c97/review?v=2,568,9,,"너무너무 친절하고^^
가격대비 사이즈랑 맛이 최강입니다!!","일시적인 오류가 발생했습니다
집중하기 좋아요",2021년 8월 3일 화요일,1번째 방문,영수증
청자다방 공릉점,"카페,디저트",4.45,,,mul****,https://m.place.naver.com/my/5f05bfb2699d39675d9e5a76/review?v=2,1167,,,완전 저렴하고 군고구마가 있어서 좋있어요 ^^,"일시적인 오류가 발생했습니다
대화하기 좋아요",2021년 11월 25일 목요일,1번째 방문,영수증
청자다방 공릉점,"카페,디저트",4.45,,,쪼맘40,https://m.place.naver.com/my/5e89718f8f87a842bc50c97c/review?v=2,292,,,청자다방 공릉점 좋아요~~^^,"일시적인 오류가 발생했습니다
커피가 맛있어요",2022년 4월 23일 토요일,2번째 방문,영수증
청자다방 공릉점,"카페,디저트",4.45,,,아가페78,https://m.place.naver.com/my/5bf7e0b7958a00616d47d052/review?v=2,1608,,,,,2021년 12월 27일 월요일,1번째 방문,영수증
청자다방 공릉점,"카페,디저트",4.45,,,허당제임스,https://m.place.naver.com/my/5dc69b9b8f87a842bcd3a11b/review?v=2,1033,16,,친절해요. 그리고 고구미 맛 짱 좋아요,"일시적인 오류가 발생했습니다
인테리어가 멋져요",2021년 8월 20일 금요일,1번째 방문,영수증
청자다방 공릉점,"카페,디저트",4.45,,,고마삐,https://m.place.naver.com/my/5c61a9a1e7f3ed9d9105af28/review?v=2,657,11,,가성비 굿^-^,"일시적인 오류가 발생했습니다
친절해요",2021년 11월 10일 수요일,1번째 방문,영수증
청자다방 공릉점,"카페,디저트",4.45,,,cha****,https://m.place.naver.com/my/5bef4c455d0d9ffcf4664bf0/review?v=2,1100,,,좋아요,"일시적인 오류가 발생했습니다
커피가 맛있어요",2022년 6월 4일 토요일,1번째 방문,영수증
청자다방 공릉점,"카페,디저트",4.45,,,khe****,https://m.place.naver.com/my/5e72b45e8f87a842bc58b1cb/review?v=2,601,,,굿,,2021년 11월 28일 일요일,1번째 방문,영수증
청자다방 공릉점,"카페,디저트",4.45,,,chyoung111,https://m.place.naver.com/my/60360ccf6b02738e8a8664f6/review?v=2,222,,,생각보다 간식꺼리도 있고 좌석간 거리감도 좋고 커피도 가격대비 좋아요~^♡^,"일시적인 오류가 발생했습니다
디저트가 맛있어요",2021년 7월 19일 월요일,1번째 방문,영수증
청자다방 공릉점,"카페,디저트",4.45,,,공릉동마스터,https://m.place.naver.com/my/5d9ffd0a8f87a842bc8d357f/review?v=2,446,1,,좋아요 깔끔해요,,2021년 12월 15일 수요일,2번째 방문,영수증
청자다방 공릉점,"카페,디저트",4.45,,,pororo64,https://m.place.naver.com/my/5e4a0e558f87a842bce5f198/review?v=2,585,,,친절하세오,,2021년 11월 2일 화요일,1번째 방문,영수증
청자다방 공릉점,"카페,디저트",4.45,,,bellar,https://m.place.naver.com/my/5c29c635c6145453c0fd73bd/review?v=2,331,,,음료맛나구 항상 친절하세요,"일시적인 오류가 발생했습니다
친절해요",2021년 10월 7일 목요일,2번째 방문,영수증
청자다방 공릉점,"카페,디저트",4.45,,,leepol70,https://m.place.naver.com/my/5e74609e8f87a842bc10e88d/review?v=2,322,,,좋아요,,2021년 11월 8일 월요일,1번째 방문,영수증
청자다방 공릉점,"카페,디저트",4.45,,,쵸코mom90,https://m.place.naver.com/my/5e3633d18f87a842bc0fc8a8/review?v=2,685,,,친절해요,,2021년 11월 2일 화요일,2번째 방문,영수증
청자다방 공릉점,"카페,디저트",4.45,,,Rui72,https://m.place.naver.com/my/5b7782305b62b983f3d60d8b/review?v=2,233,,,좋아용,,2021년 9월 23일 목요일,1번째 방문,영수증
청자다방 공릉점,"카페,디저트",4.45,,,도짭짭,https://m.place.naver.com/my/5e86e73e8f87a842bc0ce426/review?v=2,1145,44,,고구마 맛나요,,2021년 7월 26일 월요일,4번째 방문,영수증
청자다방 공릉점,"카페,디저트",4.45,,,김민정993,https://m.place.naver.com/my/5c39fbdc4b4142f172d4e0c8/review?v=2,34,,,"까먹고 사진은 못찍었는데 여기 종말 군고구마 맛집이에요 고구마 꼭 드셔보세요 별로 안좋아하는 편인데 여기 고구마는 떪은맛???? 그런 맛 안나고 맛있어요!!! 아아랑 고구마 가격도 너무 착하고 특히 친절해서 좋아요💕💕

🔥세줄요약🔥
👉🏻고구마 꼭 먹어야함 먹었다면 고구마라떼 ㄱ
👉🏻아아 가격 저렴함 
👉🏻친절함  🌟🌟",,2021년 5월 6일 목요일,2번째 방문,영수증
청자다방 공릉점,"카페,디저트",4.45,,,hs0****,https://m.place.naver.com/my/5bfe908ba6dc029895ae9e78/review?v=2,1769,,,좋아요,,2021년 10월 17일 일요일,1번째 방문,영수증
청자다방 공릉점,"카페,디저트",4.45,,,몽뭉20,https://m.place.naver.com/my/5d5ebd078f87a842bcebdc2a/review?v=2,40,,,"완전 추천해요~♡♡♡ 
군고구마가 아주 맛있어요👍👍👍 
군고구마랑 커피랑 곁들여먹어도 좋은 조합이에요~ 

사장님도 너무 좋으시고.. 분위기도 좋아서 앞으로 자주 올 것 같습니다 ^^",,2021년 2월 21일 일요일,1번째 방문,영수증
청자다방 공릉점,"카페,디저트",4.45,,,mo****,https://m.place.naver.com/my/5f5b57b16c3d7f733492561b/review?v=2,1410,3,,맛있어요 ^^,,2021년 12월 4일 토요일,1번째 방문,영수증
청자다방 공릉점,"카페,디저트",4.45,,,류한영 72,https://m.place.naver.com/my/6093a1c98319f26e78cf14de/review?v=2,218,,,아주좋아요,,2021년 9월 23일 목요일,1번째 방문,영수증
청자다방 공릉점,"카페,디저트",4.45,,,쪼맘40,https://m.place.naver.com/my/5e89718f8f87a842bc50c97c/review?v=2,292,,,굿,"일시적인 오류가 발생했습니다
음료가 맛있어요",2022년 3월 16일 수요일,1번째 방문,영수증
청자다방 공릉점,"카페,디저트",4.45,,,genoveva,https://m.place.naver.com/my/5eaea4368f87a842bcc61c70/review?v=2,1889,,,저렴해서 좋아요,,2021년 9월 9일 목요일,1번째 방문,영수증
청자다방 공릉점,"카페,디저트",4.45,,,곰돌이맘2122,https://m.place.naver.com/my/5e5da6868f87a842bca53ca2/review?v=2,764,48,,맛있어요~,"일시적인 오류가 발생했습니다
음료가 맛있어요",2021년 7월 20일 화요일,1번째 방문,영수증
청자다방 공릉점,"카페,디저트",4.45,,,도짭짭,https://m.place.naver.com/my/5e86e73e8f87a842bc0ce426/review?v=2,1145,44,,친절,,2021년 8월 2일 월요일,5번째 방문,영수증
청자다방 공릉점,"카페,디저트",4.45,,,lkjpoi,https://m.place.naver.com/my/5ef6ef518f87a842bcf3b3c6/review?v=2,513,3,,맨날천날 가는중....,,2021년 6월 13일 일요일,7번째 방문,영수증
청자다방 공릉점,"카페,디저트",4.45,,,도짭짭,https://m.place.naver.com/my/5e86e73e8f87a842bc0ce426/review?v=2,1145,44,,커피맛나요,,2021년 7월 24일 토요일,3번째 방문,영수증
청자다방 공릉점,"카페,디저트",4.45,,,도짭짭,https://m.place.naver.com/my/5e86e73e8f87a842bc0ce426/review?v=2,1145,44,,커피 맛나요,,2021년 7월 21일 수요일,2번째 방문,영수증
청자다방 공릉점,"카페,디저트",4.45,,,도짭짭,https://m.place.naver.com/my/5e86e73e8f87a842bc0ce426/review?v=2,1145,44,,친절,,2021년 7월 21일 수요일,1번째 방문,영수증
청자다방 공릉점,"카페,디저트",4.45,,,기웃기웃샤샤,https://m.place.naver.com/my/5c7150102c86d82a056f5ee2/review?v=2,2103,1,,"아,너무좋아요.가격저렴.친절.맛!
다좋아요.",,2021년 3월 22일 월요일,1번째 방문,영수증
청자다방 공릉점,"카페,디저트",4.45,,,뿌뿌끄,https://m.place.naver.com/my/5dd3d3418f87a842bc0dd2ac/review?v=2,145,,,저렴하고 맛있어요 굿굿,,2021년 6월 13일 일요일,3번째 방문,영수증
청자다방 공릉점,"카페,디저트",4.45,,,Jack2910,https://m.place.naver.com/my/5e6fac0c8f87a842bc148d4a/review?v=2,282,2,,친절하고 저렴ㅎㅎ,,2021년 6월 9일 수요일,1번째 방문,영수증
청자다방 공릉점,"카페,디저트",4.45,,,khj****,https://m.place.naver.com/my/5fcb7c48dc2e8b14d0996101/review?v=2,881,2,,굿,,2021년 7월 24일 토요일,2번째 방문,영수증
청자다방 공릉점,"카페,디저트",4.45,,,댜댜링,https://m.place.naver.com/my/5bf1341c2398f951b8bd4ba0/review?v=2,40,,,언제나 들르는 곳 리뷰 오랜만에 남기네요 오래오래 장사해주세요 사장님.!,,2021년 5월 6일 목요일,5번째 방문,영수증
청자다방 공릉점,"카페,디저트",4.45,,,topstarsm,https://m.place.naver.com/my/5ccfa0a8f03e91f1f0c05c6c/review?v=2,176,1,,커피도 맛있고 재방문의사 있어요^^,,2021년 3월 30일 화요일,1번째 방문,영수증
청자다방 공릉점,"카페,디저트",4.45,,,masikko,https://m.place.naver.com/my/5eff3cea7a3924f9464cadc4/review?v=2,278,4,,아메리카노가 크고 맛있네요 가성비 굳굳굳,,2021년 3월 12일 금요일,1번째 방문,영수증
청자다방 공릉점,"카페,디저트",4.45,,,한동산79,https://m.place.naver.com/my/5e6aadd98f87a842bcdb702f/review?v=2,1091,,,좋아요,,2021년 11월 8일 월요일,1번째 방문,영수증
청자다방 공릉점,"카페,디저트",4.45,,,임순이95,https://m.place.naver.com/my/6090e0d8e7dac5d32db84ed0/review?v=2,459,7,,좋아요굿,,2021년 9월 23일 목요일,1번째 방문,영수증
청자다방 공릉점,"카페,디저트",4.45,,,MinH88,https://m.place.naver.com/my/5cb033213188fda2503ebc1e/review?v=2,2100,,,가격두 착하구 커피도 맛있어요 군고구마♥,,2021년 1월 31일 일요일,1번째 방문,영수증
청자다방 공릉점,"카페,디저트",4.45,,,기미초,https://m.place.naver.com/my/5be4820e8e6d4a1f253b9dd3/review?v=2,60,,,"일단 모든 메뉴가 너무너무 맛있습니다. 지난번에 먹은 군고구마 미쳤구연, 마카롱 말할 필요 없구연, 크로플 장난ㅇㅏ닙니다. 고구마는
저희 어머니도 드시고 반했습니다. 재방문 의사 매우 가드갸득 합니드.",,2021년 1월 27일 수요일,1번째 방문,영수증
청자다방 공릉점,"카페,디저트",4.45,,,lkjpoi,https://m.place.naver.com/my/5ef6ef518f87a842bcf3b3c6/review?v=2,513,3,,"친절하고 맛있어서 단골인데요
빨대 입 대는 쪽을 손가락으로 
잡지 말아주시면 좋겠어요 ㅠㅠ
일부 알바생분들 빨대 입구쪽을 막 손으로 잡아 주시는...",,2021년 3월 6일 토요일,2번째 방문,영수증
청자다방 공릉점,"카페,디저트",4.45,,,clouds41,https://m.place.naver.com/my/5c1f9032d5df4f52ae09ed72/review?v=2,264,1,,좋아요!,,2021년 6월 17일 목요일,1번째 방문,영수증
청자다방 공릉점,"카페,디저트",4.45,,,망둥우,https://m.place.naver.com/my/5d8aeecd8f87a842bc312994/review?v=2,11,,,연유브레드 맛나요 진짜진짜 개존맛탱구리 제발 오천원밖에 안함 다들 먹어보세요 연유 크림 ㄹㅇ 존맛탱구리 ㅇㅈ? ㅇㅇㅈ 고구마라떼도 추가로 주문해서 먹었는데 처음먹었는데 너무 맛나요 허버허버 진짜 연유브레드랑 고구마라떼 제발 제발 꼭꼭 시켜먹어보기 안시켜먹으면 진짜 나쁜사람 맛나요~~~ 아 그리고 젤 중요한 친절해요 친절!0! 아맞다 ㄹㅇ 갓성비 개싸요 이것도 맛난데 퐁크러쉬먹어보세요,,2020년 10월 17일 토요일,1번째 방문,영수증
청자다방 공릉점,"카페,디저트",4.45,,,hom****,https://m.place.naver.com/my/5f1bec149ec8258e4a05d20e/review?v=2,563,,,친절해요,,2021년 6월 15일 화요일,1번째 방문,영수증
청자다방 공릉점,"카페,디저트",4.45,,,jeu3507,https://m.place.naver.com/my/5b9be564d595b6b7cf8e34bc/review?v=2,7,,,여기 마약 옥수수 마카롱에 마약 탄 것이 분명합니다. 마카롱 잘 안 먹는데 마약 옥수수는 진짜 존맛이에요ㅠㅠ 진짜 이거 하나 먹으려고 공릉을 매번 올 수도 없고 아른거려 죽겠어요.. 그냥 담에 올때 털어가야겠어요,,2021년 1월 17일 일요일,4번째 방문,영수증
청자다방 공릉점,"카페,디저트",4.45,,,쇼니4929,https://m.place.naver.com/my/5cab26ec175515472effdd36/review?v=2,145,,,맛있어요,,2021년 6월 3일 목요일,1번째 방문,영수증
청자다방 공릉점,"카페,디저트",4.45,,,Haha2012,https://m.place.naver.com/my/5f1682949ec8258e4a061186/review?v=2,4,,,제가 아바라를 좋아하는데 이 집이 입맛에 딱 맞네요~ 지나 갈 때마다 사 먹을꺼 같습니다 또 사장님도 친절하시니 아주 맘에 드네요~,,2021년 2월 5일 금요일,1번째 방문,영수증
청자다방 공릉점,"카페,디저트",4.45,,,아이스크림7344,https://m.place.naver.com/my/5ea055db8f87a842bcabe434/review?v=2,1545,27,,저렴해요,,2021년 10월 1일 금요일,1번째 방문,영수증
청자다방 공릉점,"카페,디저트",4.45,,,DISCODE,https://m.place.naver.com/my/5cc00ae36838b03594135c4f/review?v=2,7,,,"또왔어요~ 너무 맛나요 ㅎㅎ 
이번엔 건빵이랑 아메리카노 먹었어요 알바분들이랑 사장님 너무 친절하시고 음료도 잘 만드셔요. 감사합니다 또 들릴게여",,2021년 1월 17일 일요일,3번째 방문,영수증
청자다방 공릉점,"카페,디저트",4.45,,,블루배찌,https://m.place.naver.com/my/5fadea9856d68ef93942489d/review?v=2,1099,,,매번 맛나게 먹고 있습니다. ^^,,2021년 1월 27일 수요일,6번째 방문,영수증
청자다방 공릉점,"카페,디저트",4.45,,,마냐나나아아아나,https://m.place.naver.com/my/5dec65a38f87a842bcf6c87e/review?v=2,311,21,,"커피 진짜 맛있고 저렴해서 좋았습니다!!
겨울에 카페에서 군고구마를 먹을 수 있다는 게 👍🏽다음엔 가서 구운계란이랑 연유브레드 먹어보려구요!!! 가성비 좋게 든든한!",,2020년 11월 3일 화요일,1번째 방문,영수증
청자다방 공릉점,"카페,디저트",4.45,,,abc1234229,https://m.place.naver.com/my/5ef6fcda8f87a842bc03ff87/review?v=2,5,,,아메리카노도 맛있고 크로플이 너무 맛있어요! 사장님도 친절하시고 저번에 먹은 군고구마도 엄마랑 맛있게 먹었어요,,2021년 1월 27일 수요일,1번째 방문,영수증
청자다방 공릉점,"카페,디저트",4.45,,,모기친구,https://m.place.naver.com/my/5c878004ce6938e2b1a11e38/review?v=2,1156,5,,조아요,,2021년 5월 6일 목요일,1번째 방문,영수증
청자다방 공릉점,"카페,디저트",4.45,,,뿌뿌끄,https://m.place.naver.com/my/5dd3d3418f87a842bc0dd2ac/review?v=2,145,,,가성비 장난없어요 !,,2021년 3월 7일 일요일,1번째 방문,영수증
청자다방 공릉점,"카페,디저트",4.45,,,룰루랄랑4838,https://m.place.naver.com/my/5d7194598f87a842bc04a603/review?v=2,27,,,"커피 맛있고 사장님이 친절해요♡♡
무엇보다 군고구마 맛있어요ㅋㅋㅋ
지인은 고구마라떼 먹었는데 맛있다하더라구요. 사장님이 고구마라떼는 파우더 안쓰고 진짜 고구마 사용한다고 자부심 있으시더라구요 한끼식사 대용으로도 좋아서식사대용으로 회사원, 대학생들이 많이 사간다구하시네용🥰
가격도 아아메 1500원이구 전체적으로 저렴하고 맛있습니당
그리고 사장님 두분 계신데 갈때마다 반갑게 인사해주셔서 어느새 단골되었네요ㅎㅎ
tmi지만 사장님 이뻐요..🥰",,2020년 10월 12일 월요일,1번째 방문,영수증
청자다방 공릉점,"카페,디저트",4.45,,,김민정993,https://m.place.naver.com/my/5c39fbdc4b4142f172d4e0c8/review?v=2,34,,,"달고나 라떼 맛나다.. 맛나요... 달다....
사장님도 너무 친절하시구 커피 맛있어요
카페 전체적으로 깔끔하고 공부하기도 좋고 친절하시고 별다섯개입니다",,2020년 10월 17일 토요일,1번째 방문,영수증
청자다방 공릉점,"카페,디저트",4.45,,,기원중,https://m.place.naver.com/my/609d1c21245c3758c9538885/review?v=2,646,,,좋아요,,2021년 6월 10일 목요일,1번째 방문,영수증
청자다방 공릉점,"카페,디저트",4.45,,,호이가계속되면둘리15,https://m.place.naver.com/my/5f1484f99ec8258e4ab0163a/review?v=2,1,,,빵 너무 맛있어서 허겁지겁 먹다가 사진 찍어가지고 양이 적어보이는데 원래는 진짜 많고 맛있어요...  사장님도 너무 친절하시고 음료랑 빵 너무 맛있어서 벽 치다가 인테리어 수리비 물어드릴 뻔했네요 술은 끊어도 달고나라떼는 못 끊어... 빵에 사장님 눈빛에서 떨어진 꿀 발라먹었어요 감사합니다,,2020년 10월 12일 월요일,1번째 방문,영수증
청자다방 공릉점,"카페,디저트",4.45,,,jeu3507,https://m.place.naver.com/my/5b9be564d595b6b7cf8e34bc/review?v=2,7,,,군고구마를 먹으면 속도 든든하고 변도 잘 나오고 추운날 몸도 따뜻해지고 아주 좋습니다. 요즘처럼 추운 날에 아주 제격이네요. 정말 달고 맛있습니다! 최고!,,2020년 12월 12일 토요일,3번째 방문,영수증
청자다방 공릉점,"카페,디저트",4.45,,,DISCODE,https://m.place.naver.com/my/5cc00ae36838b03594135c4f/review?v=2,7,,,"친절. 고구마. 달콤. 따뜻..
진짜 친절하시고 고구마 너무 달콤해요 여기 카페 맞나요..? 고구마가 진짜 실해요! 적어도 한주먹은 돼요 너무 맛있는 고구마!
라떼까지 ㅎ 넘넘 맛나요 
고구마 라떼 꼭 드셔보세요 밀도가 기존 고구마 라떼와 다릅니다.. 청자다방에서 고구마라떼 먹은분은 다른 고구마라떼 못드셔요^^ 저처럼
어찌나 친절하신지!
별점5점드립니다! 공릉동 맛집 인정이에요~~^^",,2020년 11월 21일 토요일,1번째 방문,영수증
청자다방 공릉점,"카페,디저트",4.45,,,sob****,https://m.place.naver.com/my/5eeeeca88f87a842bc5af523/review?v=2,6,,,항상 친절하고 맛있어요! :) 고구마라떼 말고도 직접 구운 고구마는 진짜 맛있어요ㅠㅠㅠ😭👍🏼👍🏼 공릉맛집이에요ㅜㅜ사장님 너무 이쁘시고 음료는 서울에서 볼수 없는 엄청난 인심입니다...  #공릉맛집 #공릉동 #공릉동카페,,2020년 11월 21일 토요일,1번째 방문,영수증
청자다방 공릉점,"카페,디저트",4.45,,,sob****,https://m.place.naver.com/my/5eeeeca88f87a842bc5af523/review?v=2,6,,,리뷰를 안달수가없네요.. 고구마 식사대용으로 최고에요,,2021년 1월 17일 일요일,2번째 방문,영수증
청자다방 공릉점,"카페,디저트",4.45,,,마이제니,https://m.place.naver.com/my/5da577618f87a842bc9b6243/review?v=2,419,,,굿,,2021년 4월 17일 토요일,1번째 방문,영수증
청자다방 공릉점,"카페,디저트",4.45,,,lkjpoi,https://m.place.naver.com/my/5ef6ef518f87a842bcf3b3c6/review?v=2,513,3,,항상 애용합니다,,2021년 2월 13일 토요일,1번째 방문,영수증
청자다방 공릉점,"카페,디저트",4.45,,,뿌뿌끄,https://m.place.naver.com/my/5dd3d3418f87a842bc0dd2ac/review?v=2,145,,,굿,,2021년 4월 11일 일요일,2번째 방문,영수증
청자다방 공릉점,"카페,디저트",4.45,,,kwl****,https://m.place.naver.com/my/5e49bab58f87a842bc4c6f6c/review?v=2,1851,,,굿,,2021년 4월 11일 일요일,1번째 방문,영수증
청자다방 공릉점,"카페,디저트",4.45,,,DISCODE,https://m.place.naver.com/my/5cc00ae36838b03594135c4f/review?v=2,7,,,"고구마는 여기서만 먹어요 제일 맛남 
고구마 다른곳에서도 많이 사먹어봤는데
진짜 쫀득 달콤하고 사장님이랑 알바분들도 넘넘 친절하시구 번창하시길~~",,2020년 12월 12일 토요일,2번째 방문,영수증
청자다방 공릉점,"카페,디저트",4.45,,,험힛,https://m.place.naver.com/my/5f04614b8f87a842bcd2e9a8/review?v=2,733,,,조아여,,2021년 2월 25일 목요일,1번째 방문,영수증
청자다방 공릉점,"카페,디저트",4.45,,,csb****,https://m.place.naver.com/my/5fdc9629d45a955dbeb288fc/review?v=2,2,,,겨울꿀고구마너무맛있네요가족들과나눠먹으려포장해갔는데너무좋아합니다,,2020년 12월 18일 금요일,1번째 방문,영수증
청자다방 공릉점,"카페,디저트",4.45,,,dazzling883,https://m.place.naver.com/my/5e076e668f87a842bc9e3ac4/review?v=2,935,,,친절하고 저렴하고 맛있어요!!,,2021년 2월 23일 화요일,1번째 방문,영수증
청자다방 공릉점,"카페,디저트",4.45,,,hym****,https://m.place.naver.com/my/5d85d4938f87a842bce7953d/review?v=2,1,,,아메리카노1리터 양이 장난아니네요... 군고구마도 진짜 맛있네요 직원분들도 친절하세요,,2020년 12월 18일 금요일,1번째 방문,영수증
청자다방 공릉점,"카페,디저트",4.45,,,jeu3507,https://m.place.naver.com/my/5b9be564d595b6b7cf8e34bc/review?v=2,7,,,처음 왔을땐 고구마에 정신 뺏겨서 마카롱 있는 줄도 몰랐는데 지금보니 걍 가성비가 미쳤어요.. 2300원에 이런 고퀄리티 뚱카롱을 먹어도 되는걸까.. 에바야.. 너무 맛있잖아..,,2020년 11월 21일 토요일,2번째 방문,영수증
청자다방 공릉점,"카페,디저트",4.45,,,댜댜링,https://m.place.naver.com/my/5bf1341c2398f951b8bd4ba0/review?v=2,40,,,바닐라라떼 맛집이네요 코로나로 많이 힘드실텐데 사장님힘내세요!,,2020년 12월 28일 월요일,2번째 방문,영수증
청자다방 공릉점,"카페,디저트",4.45,,,khj****,https://m.place.naver.com/my/5fcb7c48dc2e8b14d0996101/review?v=2,881,2,,조아용,,2021년 3월 19일 금요일,1번째 방문,영수증
청자다방 공릉점,"카페,디저트",4.45,,,tmfrl63,https://m.place.naver.com/my/5f055d3534a524e70c5ba17f/review?v=2,13,,,군고구마라떼 맛나요,,2021년 1월 17일 일요일,1번째 방문,영수증
청자다방 공릉점,"카페,디저트",4.45,,,댜댜링,https://m.place.naver.com/my/5bf1341c2398f951b8bd4ba0/review?v=2,40,,,고구마가 꿀고구마에요 너무 맛있어요ㅠㅠㅠ 번창하세요 자주 갈게요!,,2020년 12월 18일 금요일,1번째 방문,영수증
청자다방 공릉점,"카페,디저트",4.45,,,ksk****,https://m.place.naver.com/my/5d99877e8f87a842bcd4e76e/review?v=2,7,,,리얼군고구마라떼 아이스랑 뚱카롱 먹었는데 둘다 존맛이에요!! 사장님이 추천해주셔서 군고구마 라떼 먹어봤는데 다른집처럼 고구마 향만 살짝나는게 아니라 진짜 고구마를 갈아주셔서 식사대용으로도 좋을 것 같더라구요! 가격은 저렴한데 양은 많아서 넘넘 만족스럽게 먹었습니다>_< 많이파세요♡,,2020년 10월 12일 월요일,1번째 방문,영수증
청자다방 공릉점,"카페,디저트",4.45,,,또랑뚜라차,https://m.place.naver.com/my/5c019972f6640061ab77793b/review?v=2,2949,,,아아 1800원 저렴해요~~,,2020년 12월 7일 월요일,1번째 방문,영수증
청자다방 공릉점,"카페,디저트",4.45,,,dunsun,https://m.place.naver.com/my/5d80ba738f87a842bc77a357/review?v=2,1636,,,좋아요~~,,2021년 5월 28일 금요일,1번째 방문,영수증
청자다방 공릉점,"카페,디저트",4.45,,,khn705,https://m.place.naver.com/my/5d141b80d54f2869eba0beb0/review?v=2,24,,,너무너무 친절하시고 커피도 맛있어요!!!👍연유크림브레드도 존맛ㅠㅠ 분위기도 좋아서 공부하러 오기도 좋고 수다떨기도 좋아요🥺추천해요👍👍,,2020년 10월 31일 토요일,1번째 방문,영수증
청자다방 공릉점,"카페,디저트",4.45,,,Hyunbbung,https://m.place.naver.com/my/5f045f2af6f8b30a5330919b/review?v=2,8,,,"가게 인테리어 하나하나 신경쓰신 것 같고
무척이나 친절하세요 🥰
군고구마라떼 먹었는데 진하게 맛있어요
가격도 저렴한데 양도 넉넉해요 !
재방문 하려구요😆",,2020년 10월 31일 토요일,1번째 방문,영수증
청자다방 공릉점,"카페,디저트",4.45,,,비니4415,https://m.place.naver.com/my/5e9869198f87a842bc99e218/review?v=2,22,,,"흑임자 너무너무 좋아하는데, 여기 흑임자 너무 고소하고 맛있어요!
카페도 너무 분위기 좋고 다음에 또 올게요❤️💖
#흑임자라떼",,2020년 10월 31일 토요일,1번째 방문,영수증
청자다방 공릉점,"카페,디저트",4.45,,,아함72,https://m.place.naver.com/my/5ba4e2ce0dd0257c55186a07/review?v=2,93,,,좋아요 싸고좋아요 ㅎㅎ 오늘 좀 부탁드려요 나 지금,,2020년 11월 19일 목요일,2번째 방문,영수증
청자다방 공릉점,"카페,디저트",4.45,,,ㅎ3361,https://m.place.naver.com/my/5c23d1943c59aa2a1559ee80/review?v=2,5,,,사장님이 굉장히 친절하고 예쁘세요 그리고 음료수도 싸고 맛있어서 원샷해버렸어요,,2020년 10월 31일 토요일,1번째 방문,영수증
청자다방 공릉점,"카페,디저트",4.45,,,TYCHE YOONIE,https://m.place.naver.com/my/5c0853d80d18174977b34219/review?v=2,267,12,,"리얼 군고구마라떼 넘넘 맛있고, 군고구마도 맛있어요! 사장님들도 친절해서 좋아요^^",,2020년 9월 28일 월요일,1번째 방문,영수증
청자다방 공릉점,"카페,디저트",4.45,,,스윗러버j,https://m.place.naver.com/my/5bbf229667118678a7e400e3/review?v=2,9,,,"고구마라떼 너무 달지도 않고 정말 맛있어요!
진짜 고구마가 들어있어서 놀랐답니당
오시면 꼭 드셔보세요 :)
공릉동 맛집입니당
그리고 사장님도 너무 예쁘고 친절하세요ㅎㅎ",,2020년 10월 13일 화요일,1번째 방문,영수증
청자다방 공릉점,"카페,디저트",4.45,,,Haemo,https://m.place.naver.com/my/5f0670c19127dcb4fc68096c/review?v=2,3,,,사장님이 친절하고 음료가 정말 맛있어요... 다른 날 달고나 라떼도 마셨는데 위에 뿌려진 달고나랑 커피랑 진짜 잘 어울려욥 인테리어도 깔끔하고 조용해서 좋았어요 즐거운 시간 보내고 갑니다~,,2020년 10월 12일 월요일,1번째 방문,영수증
청자다방 공릉점,"카페,디저트",4.45,,,sin****,https://m.place.naver.com/my/5f8410626c3d7f73341a4a7e/review?v=2,1,,,내 인생 고구마라떼를 만난걸까... 너무 달지도 인조적이지도 않은 레알 고구마 그 자체의 맛.. 청자다방이 서울에 생기다니 행복하네요. 사장님 참 좋으신 분 같아여 맨날 솔톤으로 말씀하세요,,2020년 10월 12일 월요일,1번째 방문,영수증
청자다방 공릉점,"카페,디저트",4.45,,,whgmltjs12,https://m.place.naver.com/my/5db98bb68f87a842bcbce353/review?v=2,1272,,,커피도 맛있고 가격도 좋고 너무 친절하세용 ㅎㅎ손시려울까봐 구운계란도 주셨어용 ㅎㅎ,,2020년 11월 30일 월요일,1번째 방문,영수증
청자다방 공릉점,"카페,디저트",4.45,,,Bom88,https://m.place.naver.com/my/5b7b7c5f55a1f701faa8f496/review?v=2,900,9,,언제나 친절👍🏻,,2020년 10월 29일 목요일,1번째 방문,영수증
청자다방 공릉점,"카페,디저트",4.45,,,미녀미녀니,https://m.place.naver.com/my/5efdd98515c4bcd430584d41/review?v=2,29,,,고구마 너무 맛있어요 특히 고구마라떼 따뜻한게 존맛탱이에여👍🏻👍🏻👍🏻👍🏻,,2020년 10월 14일 수요일,1번째 방문,영수증
청자다방 공릉점,"카페,디저트",4.45,,,이찌롱95,https://m.place.naver.com/my/5f0695c98f87a842bca45125/review?v=2,4,,,청포도 에이드에 완전 시원해요! 연유 브레드도 대박!! 강추드립니다!!!,,2020년 10월 31일 토요일,1번째 방문,영수증
청자다방 공릉점,"카페,디저트",4.45,,,jeu3507,https://m.place.naver.com/my/5b9be564d595b6b7cf8e34bc/review?v=2,7,,,군고구마 라떼 넘 맛있어요. 추울때 군고구마도 사 먹어보고 싶네요! 직원들도 넘 친절해요~!^^,,2020년 10월 12일 월요일,1번째 방문,영수증
청자다방 공릉점,"카페,디저트",4.45,,,유로니97,https://m.place.naver.com/my/5f83daf56c3d7f7334c2a7e5/review?v=2,10,,,고구마라떼 진짜맛있어요ㅠㅠ 사장님도너무 친절하시고 커피콩빵도 주셨어요 짱,,2020년 10월 10일 토요일,1번째 방문,영수증
청자다방 공릉점,"카페,디저트",4.45,,,lee****,https://m.place.naver.com/my/5cdbea2e110daace56f4deb5/review?v=2,138,,,"처음 들른 ㅡ청춘은 자유다ㅡ
군고구마라떼 굿입니다.",,2020년 10월 19일 월요일,1번째 방문,영수증
청자다방 공릉점,"카페,디저트",4.45,,,dbs****,https://m.place.naver.com/my/5d9b3f898f87a842bc490c13/review?v=2,379,6,,맛있어요,,2021년 4월 8일 목요일,1번째 방문,영수증
청자다방 공릉점,"카페,디저트",4.45,,,ins****,https://m.place.naver.com/my/5f0469baee4be03dee26af6b/review?v=2,552,,,가성비 맛집!,,2020년 12월 12일 토요일,1번째 방문,영수증
청자다방 공릉점,"카페,디저트",4.45,,,아함72,https://m.place.naver.com/my/5ba4e2ce0dd0257c55186a07/review?v=2,93,,,좋겠어요 ㅋㅋㅋ 아 심심하고 있는,,2020년 10월 8일 목요일,1번째 방문,영수증
청자다방 공릉점,"카페,디저트",4.45,,,whgmltjs12,https://m.place.naver.com/my/5db98bb68f87a842bcbce353/review?v=2,1272,,,가격도 저렴하고 맛도 있어용!!,,2020년 12월 14일 월요일,2번째 방문,영수증
청자다방 공릉점,"카페,디저트",4.45,,,뚜벅이804,https://m.place.naver.com/my/5bf19a0b2f11cd6907365a12/review?v=2,1702,,,좋아요,,2020년 12월 15일 화요일,1번째 방문,영수증
청자다방 공릉점,"카페,디저트",4.45,,,라떼 양,https://m.place.naver.com/my/5e03a53a8f87a842bc575da7/review?v=2,3795,,,굿,,2020년 10월 26일 월요일,2번째 방문,영수증
청자다방 공릉점,"카페,디저트",4.45,,,라떼 양,https://m.place.naver.com/my/5e03a53a8f87a842bc575da7/review?v=2,3795,,,굿,,2020년 10월 24일 토요일,1번째 방문,영수증
청자다방 공릉점,"카페,디저트",4.45,,,whgmltjs12,https://m.place.naver.com/my/5db98bb68f87a842bcbce353/review?v=2,1272,,,좋아요,,2021년 1월 14일 목요일,3번째 방문,영수증
청자다방 공릉점,"카페,디저트",4.45,,,문아빠,https://m.place.naver.com/my/5cd7ecd8752d0f3669a67412/review?v=2,24,,,맛있어요~!!,,2020년 10월 16일 금요일,1번째 방문,영수증
청자다방 공릉점,"카페,디저트",4.45,,,셰89,https://m.place.naver.com/my/606e6c2c5f5712e352a3427e/review?v=2,29,,,갈 때마다 친절한 분들만 계셔요.,"일시적인 오류가 발생했습니다
친절해요",2024년 3월 21일 목요일,1번째 방문,영수증
청자다방 공릉점,"카페,디저트",4.45,,,그레이트티쳐62,https://m.place.naver.com/my/5d89e53e8f87a842bc7f9818/review?v=2,3122,1,,너무 친절하시고 커피도 맛있어요^^,"일시적인 오류가 발생했습니다
커피가 맛있어요",2022년 3월 17일 목요일,12번째 방문,영수증
청자다방 공릉점,"카페,디저트",4.45,,,그레이트티쳐62,https://m.place.naver.com/my/5d89e53e8f87a842bc7f9818/review?v=2,3122,1,,친절하고 커피도 맛있고 너무 좋아요^^,"일시적인 오류가 발생했습니다
음료가 맛있어요",2022년 3월 14일 월요일,11번째 방문,영수증
청자다방 공릉점,"카페,디저트",4.45,,,그레이트티쳐62,https://m.place.naver.com/my/5d89e53e8f87a842bc7f9818/review?v=2,3122,1,,정말 친절하세요^^,"일시적인 오류가 발생했습니다
음료가 맛있어요",2022년 3월 10일 목요일,10번째 방문,영수증
청자다방 공릉점,"카페,디저트",4.45,,,그레이트티쳐62,https://m.place.naver.com/my/5d89e53e8f87a842bc7f9818/review?v=2,3122,1,,친절하고 맛나고 좋아요^^,"일시적인 오류가 발생했습니다
친절해요",2021년 12월 15일 수요일,9번째 방문,영수증
청자다방 공릉점,"카페,디저트",4.45,,,그레이트티쳐62,https://m.place.naver.com/my/5d89e53e8f87a842bc7f9818/review?v=2,3122,1,,맛있어요. 그리고 너무 친절하세요,"일시적인 오류가 발생했습니다
음료가 맛있어요",2021년 11월 30일 화요일,8번째 방문,영수증
청자다방 공릉점,"카페,디저트",4.45,,,그레이트티쳐62,https://m.place.naver.com/my/5d89e53e8f87a842bc7f9818/review?v=2,3122,1,,맛나요,"일시적인 오류가 발생했습니다
친절해요",2021년 11월 29일 월요일,7번째 방문,영수증
청자다방 공릉점,"카페,디저트",4.45,,,그레이트티쳐62,https://m.place.naver.com/my/5d89e53e8f87a842bc7f9818/review?v=2,3122,1,,친절하고 커피 맛도 맛있어요^^,"일시적인 오류가 발생했습니다
친절해요",2021년 11월 25일 목요일,6번째 방문,영수증
